id,first_name,email
1,Claude,cbailles0@paginegialle.it
2,Brigg,bpeddersen1@vk.com
3,Ewell*,etutsell2@omniture.com
4,Hersh,hanfossi3@nba.com
5,Stevana,sfranck4@auda.org.au
6,Curtice,citzchaky5@ow.ly
7,Lon,ltremain6@bloglines.com
8,Wendi,wcolbourne7@jalbum.net
9,Allard,aglover8@shareasale.com
10,Storm,sbeeckx9@berkeley.edu
11,Euphemia,ehuntara@technorati.com
12,Mano^,msobieskib@usda.gov
13,Zilvia,zchattertonc@furl.net
14,Charlton,cpetcherd@ebay.co.uk
15,Micaela,mkettlestringese@cnn.com
16,Ajay!,ameriothf@about.com
17,Belicia,bhitchamg@wordpress.com
18,Floris,fjannequinh@yellowbook.com
19,Russ,rfullagari@51.la
20,Lucienne,lgothupj@google.cn
21,Isabelle,ilidierthk@guardian.co.uk
22,Hunfredo,hdearyl@bloglines.com
23,Elias,esawlem@cdbaby.com
24,Carlina,cobroganen@imgur.com
25,Zeke,zhazeldeneo@adobe.com
26,Cam,chandforthp@yahoo.co.jp
27,Ailsun,aabrahmsonq@telegraph.co.uk
28,Violet,veckr@comsenz.com
29,Neely,nrobertets@bizjournals.com
30,Ky,kemmott@soundcloud.com
31,Dona,dpineru@newyorker.com
32,Raymond,ritschakovv@topsy.com
33,Davida,dcalbertw@psu.edu
34,Tiffi!,tpaviex@amazon.de
35,Emlynn,egilbarty@cbsnews.com
36,Rollin,rbierz@barnesandnoble.com
37,Haslett,hisaak10@biglobe.ne.jp
38,Millicent,mchriston11@ibm.com
39,Virgie,vcicculi12@apache.org
40,Aldo,afullilove13@geocities.com
41,Dorelle,dallenby14@engadget.com
42,Stanislaus,sjankiewicz15@sun.com
43,Chrissy,ctomasian16@ezinearticles.com
44,Redford,rguislin17@webeden.co.uk
45,Vivia,vpineaux18@sina.com.cn
46,Moyna,mdeplacido19@jimdo.com
47,Mallory,mjurgensen1a@t-online.de
48,Kimmy,kstanes1b@delicious.com
49,Celestyna,cmosley1c@fc2.com
50,Rainer,rsorey1d@oakley.com
